,Label,Prob
0,1,0.9649026393890381
1,1,0.9378231763839722
2,1,0.9378231763839722
3,1,0.8462085723876953
4,0,0.06938523054122925
5,0,0.38160720467567444
6,0,0.06938521564006805
7,0,0.3816072344779968
8,1,0.9649026393890381
9,1,0.9649026393890381
10,1,0.9649026393890381
11,1,0.6130925416946411
12,0,0.04480299726128578
13,0,0.04480299726128578
14,0,0.04480299726128578
15,0,0.04480299726128578
16,1,0.9649026393890381
17,1,0.9649026393890381
18,1,0.9378231763839722
19,1,0.5592861175537109
20,0,0.09943079948425293
21,0,0.09247290343046188
22,0,0.09943077713251114
23,0,0.09247294813394547
24,1,0.8196641206741333
25,1,0.8196641206741333
26,1,0.8196641206741333
27,1,0.6130926012992859
28,0,0.09631597250699997
29,0,0.09631600230932236
30,0,0.09631595760583878
31,0,0.09631595760583878
32,1,0.8931790590286255
33,1,0.8931790590286255
34,1,0.8931790590286255
35,1,0.5359275937080383
36,0,0.05606258660554886
37,0,0.05606258660554886
38,0,0.05606258660554886
39,0,0.056062597781419754
40,1,0.9450095891952515
41,1,0.9450095891952515
42,1,0.9450095891952515
43,1,0.8462085723876953
44,0,0.18907378613948822
45,0,0.6749782562255859
46,0,0.189073845744133
47,0,0.6749782562255859
48,0,0.14016717672348022
49,0,0.14016705751419067
50,1,0.8271284103393555
51,1,0.8271284699440002
52,1,0.8271284103393555
53,0,0.5649436116218567
54,0,0.10474419593811035
55,0,0.06276198476552963
56,1,0.8795164227485657
57,1,0.9745575189590454
58,1,0.9745575189590454
59,0,0.2205013781785965
60,0,0.2205013781785965
61,0,0.2205013781785965
62,1,0.614254355430603
63,1,0.6142544746398926
64,1,0.9227765202522278
65,0,0.10874417424201965
66,0,0.10874412953853607
67,0,0.10874412953853607
68,1,0.4636125862598419
69,1,0.9505901336669922
70,1,0.9505902528762817
71,0,0.05388703569769859
72,0,0.0538870207965374
73,0,0.05388704687356949
74,1,0.47999319434165955
75,1,0.9509381055831909
76,1,0.47999316453933716
77,0,0.03221762180328369
78,0,0.03221762180328369
79,0,0.12127503752708435
80,1,0.6530368328094482
81,1,0.6530368328094482
82,1,0.6530368328094482
83,0,0.16437013447284698
84,0,0.06350182741880417
85,0,0.1643700897693634
86,1,0.36441636085510254
87,1,0.2064230889081955
88,1,0.3644164204597473
89,1,0.9649026393890381
90,1,0.9378231763839722
91,1,0.6864234805107117
92,0,0.20989158749580383
93,0,0.20989155769348145
94,0,0.20989155769348145
95,1,0.6198049187660217
96,1,0.6198049187660217
97,1,0.8462086915969849
98,0,0.1266709715127945
99,0,0.12667100131511688
100,0,0.12667104601860046
101,1,0.8326952457427979
102,1,0.8326952457427979
103,1,0.5529546737670898
104,0,0.1669529229402542
105,0,0.9450718760490417
106,0,0.2900948226451874
107,1,0.9178376793861389
108,1,0.41597047448158264
109,1,0.28040194511413574
110,0,0.3276980221271515
111,0,0.3276980221271515
112,0,0.32769808173179626
113,1,0.9525406956672668
114,1,0.5323678851127625
115,1,0.9649026393890381
116,0,0.028285659849643707
117,0,0.028285659849643707
118,0,0.028285659849643707
119,1,0.475250244140625
120,1,0.9404489398002625
121,1,0.4636125862598419
122,0,0.06164320185780525
123,0,0.920868992805481
124,0,0.06164318695664406
125,1,0.8820330500602722
126,1,0.8820331692695618
127,1,0.6530369520187378
128,0,0.26898956298828125
129,0,0.26898959279060364
130,0,0.26898956298828125
131,1,0.40336883068084717
132,1,0.8915116190910339
133,1,0.8347347974777222
134,0,0.10874417424201965
135,0,0.10874417424201965
136,0,0.10874412953853607
137,1,0.9442790746688843
138,1,0.9442790746688843
139,1,0.3108574151992798
140,0,0.7886139750480652
141,0,0.29892006516456604
142,0,0.7886139750480652
143,1,0.20779235661029816
144,1,0.20779231190681458
145,1,0.22284995019435883
146,0,0.09247296303510666
147,0,0.09943077713251114
148,0,0.04200894013047218
149,1,0.6364526748657227
150,1,0.6258790493011475
151,1,0.951798141002655
152,0,0.12060912698507309
153,0,0.12060915678739548
154,0,0.12060912698507309
155,1,0.6090896725654602
156,1,0.6090896725654602
157,1,0.6212158203125
158,0,0.21292585134506226
159,0,0.21314062178134918
160,0,0.2133176177740097
161,1,0.9146333336830139
162,1,0.9146478772163391
163,1,0.8948812484741211
164,0,0.031060360372066498
165,0,0.031060367822647095
166,0,0.031060360372066498
167,1,0.46562662720680237
168,1,0.46562662720680237
169,1,0.1715482622385025
170,0,0.1798354834318161
171,0,0.10652632266283035
172,0,0.10652632266283035
173,1,0.7500444650650024
174,1,0.7500444650650024
175,1,0.9649026393890381
176,0,0.10652634501457214
177,0,0.1798354834318161
178,0,0.10652632266283035
179,1,0.945736825466156
180,1,0.945736825466156
181,1,0.9649026393890381
182,0,0.5730186700820923
183,0,0.3510317802429199
184,0,0.15813982486724854
185,1,0.9318557381629944
186,1,0.9318557381629944
187,1,0.8196641206741333
188,0,0.5179686546325684
189,0,0.20385664701461792
190,0,0.20385664701461792
191,1,0.8737215995788574
192,1,0.8737266659736633
193,1,0.8196641206741333
194,0,0.062301818281412125
195,0,0.34858444333076477
196,0,0.06059170141816139
197,1,0.4420314133167267
198,1,0.4420314133167267
199,1,0.609089732170105
200,0,0.1612333208322525
201,0,0.16123336553573608
202,0,0.10452373325824738
203,1,0.05102499574422836
204,1,0.05102502182126045
205,1,0.8911853432655334
206,0,0.10397159308195114
207,0,0.10397159308195114
208,0,0.10397159308195114
209,1,0.6090896725654602
210,1,0.6090896725654602
211,1,0.7231513857841492
212,0,0.11725053936243057
213,0,0.11725056171417236
214,0,0.11725056171417236
215,1,0.6253836154937744
216,1,0.6338170766830444
217,1,0.5510838627815247
218,0,0.060789186507463455
219,0,0.12710033357143402
220,0,0.12709996104240417
221,1,0.8931790590286255
222,1,0.8931790590286255
223,1,0.7999711632728577
224,0,0.03251630440354347
225,0,0.03251630440354347
226,0,0.03251630440354347
227,1,0.6614179611206055
228,1,0.6614178419113159
229,1,0.5510841012001038
230,0,0.056307628750801086
231,0,0.105922631919384
232,0,0.05630764365196228
233,1,0.8931790590286255
234,1,0.5510838627815247
235,0,0.20042960345745087
236,0,0.2004295438528061
237,0,0.20042955875396729
238,1,0.9452757835388184
239,1,0.9452757835388184
240,1,0.7535147666931152
241,0,0.342431902885437
242,0,0.34243202209472656
243,0,0.3424318730831146
244,1,0.6312174201011658
245,1,0.6312172412872314
246,1,0.9442790746688843
247,0,0.4564211368560791
248,0,0.4564211070537567
249,0,0.4564211368560791
250,1,0.9033077359199524
251,1,0.9033077359199524
252,1,0.7535147666931152
253,0,0.12509989738464355
254,0,0.12509989738464355
255,0,0.12509989738464355
256,0,0.5525162816047668
257,0,0.5525715351104736
258,1,0.7049197554588318
259,1,0.7049198150634766
260,0,0.10630804300308228
261,0,0.4403804838657379
262,1,0.6090896725654602
263,1,0.6090896725654602
264,0,0.3666467070579529
265,0,0.3661078214645386
266,1,0.9468501210212708
267,1,0.9468501210212708
268,0,0.07016455382108688
269,0,0.07016455382108688
270,1,0.9366316795349121
271,1,0.9366316795349121
272,0,0.1643700897693634
273,0,0.16437013447284698
274,1,0.609089732170105
275,1,0.609089732170105
276,0,0.439897745847702
277,0,0.43989768624305725
278,1,0.5312795042991638
279,1,0.4884105324745178
280,0,0.43018096685409546
281,0,0.43018099665641785
282,1,0.2809021770954132
283,1,0.9289311766624451
284,0,0.1643700897693634
285,0,0.1643700897693634
286,1,0.5964223146438599
287,1,0.7535147070884705
288,0,0.16123338043689728
289,0,0.10452373325824738
290,1,0.6530368328094482
291,1,0.6530368328094482
292,0,0.10452373325824738
293,0,0.1612333059310913
294,1,0.20242363214492798
295,1,0.9773449897766113
296,0,0.08969295769929886
297,0,0.08969293534755707
298,1,0.49543148279190063
299,1,0.49543148279190063
300,0,0.14568530023097992
301,0,0.1456853449344635
302,1,0.8931790590286255
303,1,0.15529502928256989
304,0,0.29996258020401
305,0,0.0842987522482872
306,1,0.5510841012001038
307,1,0.5510839819908142
308,0,0.32769808173179626
309,0,0.32769808173179626
310,1,0.9649026393890381
311,1,0.9378231763839722
312,0,0.11476991325616837
313,0,0.11476986110210419
314,1,0.6090896725654602
315,1,0.6090896725654602
316,1,0.602518618106842
317,1,0.35593006014823914
318,0,0.24630741775035858
319,0,0.24630729854106903
320,1,0.7049198150634766
321,1,0.5994155406951904
322,0,0.09632966667413712
323,0,0.09632960706949234
324,1,0.7790727615356445
325,1,0.6999444961547852
326,0,0.23923754692077637
327,0,0.23923759162425995
328,1,0.9649026393890381
329,1,0.8982964754104614
330,0,0.13205468654632568
331,0,0.21231302618980408
332,1,0.859204888343811
333,1,0.6999444961547852
334,0,0.051150187849998474
335,0,0.05115020275115967
336,1,0.3101675808429718
337,1,0.5956459641456604
338,0,0.3884327709674835
339,0,0.38843268156051636
340,1,0.9318557381629944
341,1,0.8577862977981567
342,0,0.22460892796516418
343,0,0.6068472266197205
344,1,0.05102499574422836
345,0,0.5302778482437134
346,0,0.5302778482437134
347,1,0.6532708406448364
348,1,0.855174720287323
349,0,0.2606917917728424
350,0,0.2606918513774872
351,1,0.8911854028701782
352,1,0.35113027691841125
353,0,0.05876443535089493
354,0,0.05876443535089493
355,1,0.8551747798919678
356,1,0.6532707810401917
357,0,0.2688237428665161
358,0,0.19169342517852783
359,1,0.7813483476638794
360,1,0.9318557381629944
361,0,0.02828565426170826
362,0,0.028285665437579155
363,1,0.7433478832244873
364,1,0.9450095891952515
365,0,0.09632431715726852
366,1,0.15676359832286835
367,1,0.5994156002998352
368,0,0.08029258251190186
369,0,0.08029259741306305
370,1,0.6530369520187378
371,1,0.821651816368103
372,0,0.6130907535552979
373,0,0.6130908131599426
374,1,0.8931790590286255
375,1,0.9318960905075073
376,0,0.03844274953007698
377,0,0.038442742079496384
378,1,0.8931790590286255
379,1,0.9318960905075073
380,0,0.04435185715556145
381,0,0.6130908131599426
382,1,0.8931791186332703
383,1,0.8506597876548767
384,0,0.18752039968967438
385,0,0.1875203251838684
386,1,0.33122867345809937
387,1,0.951798141002655
388,0,0.289174348115921
389,0,0.2891744077205658
390,1,0.9517980217933655
391,1,0.8562715649604797
392,0,0.13346321880817413
393,0,0.9453587532043457
394,1,0.951798141002655
395,1,0.951798141002655
396,0,0.16419576108455658
397,0,0.16419565677642822
398,1,0.951798141002655
399,1,0.951798141002655
400,0,0.04686900973320007
401,0,0.04686902463436127
402,1,0.7702480554580688
403,1,0.7794650793075562
404,0,0.05832456797361374
405,0,0.06340951472520828
406,1,0.6530368328094482
407,1,0.6530368328094482
408,0,0.12709997594356537
409,0,0.06078917160630226
410,1,0.6530368328094482
411,1,0.6530367732048035
412,0,0.06883905827999115
413,0,0.06883905082941055
414,0,0.2250586897134781
415,1,0.8931791186332703
416,0,0.9330368638038635
417,1,0.9606383442878723
418,0,0.3514021635055542
419,1,0.59941565990448
420,0,0.09561001509428024
421,1,0.9107168912887573
422,0,0.023742128163576126
423,1,0.15676356852054596
424,0,0.15246053040027618
425,1,0.716010570526123
426,0,0.2403693050146103
427,1,0.4636125862598419
428,0,0.34533098340034485
429,1,0.7269650101661682
430,0,0.2422979176044464
431,1,0.17154823243618011
432,0,0.12013688683509827
433,1,0.13561049103736877
434,0,0.050295453518629074
435,1,0.07910580933094025
436,0,0.04426143318414688
437,1,0.5338559746742249
438,0,0.1395256072282791
439,1,0.6028594374656677
440,0,0.22889137268066406
441,1,0.9378231763839722
442,0,0.17285561561584473
443,1,0.6530369520187378
444,0,0.06594039499759674
445,1,0.653036892414093
446,0,0.17285555601119995
447,1,0.9649026393890381
448,0,0.4251694083213806
449,1,0.25249311327934265
450,0,0.20406854152679443
451,1,0.967106819152832
452,0,0.08995193988084793
453,1,0.848853349685669
454,0,0.056959327310323715
455,1,0.536226212978363
456,0,0.24829721450805664
457,1,0.6471184492111206
458,0,0.31841906905174255
459,1,0.954809844493866
